sitemap_url,final_url,status,canonical,title,title_characters,description,h1_count,article_words,incoming_pages,incoming_articles,home_click_depth,literal_footnotes,og_image,twitter_title,schema_present_after_serialization
https://metabolicscience.org/,https://metabolicscience.org/,200,https://metabolicscience.org/,Metabolic Science | Evidence-Based Weight Loss & Health,55,"Research explainers on weight loss medications, metabolism science, and GLP-1 therapies. Educational health information with linked sources.",1,0,164,150,0,0,https://metabolicscience.org/og-image.jpg,Metabolic Science | Evidence-Based Weight Loss & Health,False
https://metabolicscience.org/about,https://metabolicscience.org/about/,200,https://metabolicscience.org/about/,About Us | Metabolic Science,28,"Who publishes Metabolic Science, how AI assists our work, and how our educational content is funded.",1,0,164,0,1,0,https://metabolicscience.org/og-image.jpg,Metabolic Science | Evidence-Based Weight Loss & Health,False
https://metabolicscience.org/articles,https://metabolicscience.org/articles/,200,https://metabolicscience.org/articles/,Articles | Metabolic Health Authority | Metabolic Science,57,"Research articles on weight loss medications, GLP-1 therapies, metabolism, and metabolic health.",1,0,164,0,1,0,https://metabolicscience.org/og-image.jpg,Metabolic Science | Evidence-Based Weight Loss & Health,False
https://metabolicscience.org/calculators,https://metabolicscience.org/calculators/,200,https://metabolicscience.org/calculators/,Health Calculators | Metabolic Science,38,"Free health calculators including BMI, calorie needs, macronutrients, and body fat percentage.",1,0,0,0,unreachable in crawl,0,https://metabolicscience.org/og-image.jpg,Metabolic Science | Evidence-Based Weight Loss & Health,False
https://metabolicscience.org/calculators/bmi,https://metabolicscience.org/calculators/bmi/,200,https://metabolicscience.org/calculators/bmi/,BMI Calculator | Metabolic Science,34,Calculate your Body Mass Index (BMI) to understand your weight category and health risks.,1,0,164,0,1,0,https://metabolicscience.org/og-image.jpg,Metabolic Science | Evidence-Based Weight Loss & Health,False
https://metabolicscience.org/calculators/body-fat,https://metabolicscience.org/calculators/body-fat/,200,https://metabolicscience.org/calculators/body-fat/,Body Fat Calculator | Metabolic Science,39,Estimate your body fat percentage using the US Navy method. Includes lean mass and fat mass calculations.,1,0,164,0,1,0,https://metabolicscience.org/og-image.jpg,Metabolic Science | Evidence-Based Weight Loss & Health,False
https://metabolicscience.org/calculators/calorie,https://metabolicscience.org/calculators/calorie/,200,https://metabolicscience.org/calculators/calorie/,Calorie Calculator | Metabolic Science,38,Calculate your daily calorie needs using the Mifflin-St Jeor equation. Includes BMR and TDEE calculations.,1,0,164,0,1,0,https://metabolicscience.org/og-image.jpg,Metabolic Science | Evidence-Based Weight Loss & Health,False
https://metabolicscience.org/calculators/macro,https://metabolicscience.org/calculators/macro/,200,https://metabolicscience.org/calculators/macro/,Macro Calculator | Metabolic Science,36,"Calculate your optimal macronutrient intake for weight loss, maintenance, or muscle gain.",1,0,164,0,1,0,https://metabolicscience.org/og-image.jpg,Metabolic Science | Evidence-Based Weight Loss & Health,False
https://metabolicscience.org/editorial-policy,https://metabolicscience.org/editorial-policy/,200,https://metabolicscience.org/editorial-policy/,Editorial Policy | Metabolic Science,36,"Our sourcing standards, use of AI, product evaluation method and affiliate disclosures.",1,0,164,150,1,0,https://metabolicscience.org/og-image.jpg,Metabolic Science | Evidence-Based Weight Loss & Health,False
https://metabolicscience.org/glp-1,https://metabolicscience.org/glp-1/,200,https://metabolicscience.org/glp-1/,GLP-1 Medications | Metabolic Science,37,"Evidence-based guides on semaglutide, tirzepatide, liraglutide, and other GLP-1 receptor agonists for weight loss and diabetes management.",1,0,164,0,1,0,https://metabolicscience.org/og-image.jpg,Metabolic Science | Evidence-Based Weight Loss & Health,False
https://metabolicscience.org/glp-1/aleniglipron-oral-small-molecule-glp1,https://metabolicscience.org/glp-1/aleniglipron-oral-small-molecule-glp1/,200,https://metabolicscience.org/glp-1/aleniglipron-oral-small-molecule-glp1/,Aleniglipron: The Oral GLP-1 Pill With 16% Weight Loss | Metabolic Science,74,Aleniglipron is Structure Therapeutics' once-daily oral small-molecule GLP-1 pill. Phase 2 trials show up to 16% weight loss. Here's what the science says.,1,1750,4,2,2,0,,Metabolic Science | Evidence-Based Weight Loss & Health,True
https://metabolicscience.org/glp-1/amycretin-glp1-amylin-agonist,https://metabolicscience.org/glp-1/amycretin-glp1-amylin-agonist/,200,https://metabolicscience.org/glp-1/amycretin-glp1-amylin-agonist/,Amycretin: Novo Nordisk's GLP-1 + Amylin Drug With 22% Weight Loss | Metabolic Science,86,Amycretin delivers up to 22% weight loss in early trials and comes as both a weekly shot and a daily pill. How Novo Nordisk's GLP-1 + amylin agonist works.,1,1708,3,1,2,0,,Metabolic Science | Evidence-Based Weight Loss & Health,True
https://metabolicscience.org/glp-1/bariatric-surgery-vs-glp1-medications,https://metabolicscience.org/glp-1/bariatric-surgery-vs-glp1-medications/,200,https://metabolicscience.org/glp-1/bariatric-surgery-vs-glp1-medications/,Bariatric Surgery vs GLP-1 Medications: Which Works Better? | Metabolic Science,79,"Head-to-head data on bariatric surgery vs GLP-1 medications: weight loss percentages, diabetes remission, durability, and how to choose between them.",1,2094,4,2,2,0,,Metabolic Science | Evidence-Based Weight Loss & Health,True
https://metabolicscience.org/glp-1/bimagrumab-semaglutide-muscle-preservation,https://metabolicscience.org/glp-1/bimagrumab-semaglutide-muscle-preservation/,200,https://metabolicscience.org/glp-1/bimagrumab-semaglutide-muscle-preservation/,Bimagrumab and Semaglutide: Fat Loss That Spares Muscle | Metabolic Science,75,"Bimagrumab blocks activin receptors to build muscle. In the phase 2 BELIEVE trial, adding it to semaglutide preserved lean mass while 93% of weight lost was fat.",1,2303,2,0,2,0,,Metabolic Science | Evidence-Based Weight Loss & Health,True
https://metabolicscience.org/glp-1/bydureon-vs-victoza,https://metabolicscience.org/glp-1/bydureon-vs-victoza/,200,https://metabolicscience.org/glp-1/bydureon-vs-victoza/,Bydureon vs Victoza: Which GLP-1 Is Right for You? | Metabolic Science,70,"A science-backed comparison of Bydureon (exenatide ER) vs Victoza (liraglutide): HbA1c reduction, weight loss, cardiovascular outcomes, and side effects.",1,1717,2,0,2,0,,Metabolic Science | Evidence-Based Weight Loss & Health,True
https://metabolicscience.org/glp-1/cagrisema-cagrilintide-semaglutide-combination,https://metabolicscience.org/glp-1/cagrisema-cagrilintide-semaglutide-combination/,200,https://metabolicscience.org/glp-1/cagrisema-cagrilintide-semaglutide-combination/,CagriSema: The First GLP-1 + Amylin Combo for Obesity | Metabolic Science,73,Phase 3 REDEFINE 1 data show CagriSema delivers 22.7% weight loss in non-diabetic adults — and an FDA decision is expected in 2026. Here's what the science actually says.,1,2021,8,6,2,0,,Metabolic Science | Evidence-Based Weight Loss & Health,True
https://metabolicscience.org/glp-1/ct-388-roche-glp1-gip-dual-agonist,https://metabolicscience.org/glp-1/ct-388-roche-glp1-gip-dual-agonist/,200,https://metabolicscience.org/glp-1/ct-388-roche-glp1-gip-dual-agonist/,CT-388: Roche's Dual GLP-1/GIP Agonist With 22.5% Weight Loss | Metabolic Science,81,Roche's CT-388 delivered 22.5% placebo-adjusted weight loss in Phase 2 and resolved obesity in 54% of patients at the top dose. The signaling-biased science explained.,1,2163,3,1,2,0,,Metabolic Science | Evidence-Based Weight Loss & Health,True
https://metabolicscience.org/glp-1/cx11-vct220-oral-glp1-pill,https://metabolicscience.org/glp-1/cx11-vct220-oral-glp1-pill/,200,https://metabolicscience.org/glp-1/cx11-vct220-oral-glp1-pill/,CX11 (VCT220): The Oral GLP-1 Pill With 12% Weight Loss | Metabolic Science,75,"CX11, also called VCT220, is an oral small-molecule GLP-1 pill from Corxel and Vincentage. Phase 3 data in China showed 12.4% weight loss. Here's the science.",1,2073,3,1,2,0,,Metabolic Science | Evidence-Based Weight Loss & Health,True
https://metabolicscience.org/glp-1/diet-vs-medication,https://metabolicscience.org/glp-1/diet-vs-medication/,200,https://metabolicscience.org/glp-1/diet-vs-medication/,Diet vs Medication for Weight Loss: What the Evidence Shows | Metabolic Science,79,"A science-based comparison of dietary interventions vs GLP-1 medications for weight loss, including which approach works better and when to combine both.",1,2013,2,0,2,0,,Metabolic Science | Evidence-Based Weight Loss & Health,True
https://metabolicscience.org/glp-1/ecnoglutide-biased-glp1-weight-loss,https://metabolicscience.org/glp-1/ecnoglutide-biased-glp1-weight-loss/,200,https://metabolicscience.org/glp-1/ecnoglutide-biased-glp1-weight-loss/,Ecnoglutide: The cAMP-Biased GLP-1 Driving 13% Weight Loss | Metabolic Science,78,Ecnoglutide is a once-weekly biased GLP-1 receptor agonist from Sciwind that delivered 13.2% weight loss in Phase 3. Here's how the SLIMMER and EECOH-1 data stack up.,1,1798,3,1,2,0,,Metabolic Science | Evidence-Based Weight Loss & Health,True
https://metabolicscience.org/glp-1/efpeglenatide-weekly-glp1-cardio-renal,https://metabolicscience.org/glp-1/efpeglenatide-weekly-glp1-cardio-renal/,200,https://metabolicscience.org/glp-1/efpeglenatide-weekly-glp1-cardio-renal/,Efpeglenatide: The Weekly GLP-1 With Cardio-Renal Benefits | Metabolic Science,78,Efpeglenatide is an exendin-based weekly GLP-1 that cut heart and kidney events in the AMPLITUDE-O trial and drove up to 7.2 kg of weight loss. Here's the full evidence.,1,1792,2,0,2,0,,Metabolic Science | Evidence-Based Weight Loss & Health,True
https://metabolicscience.org/glp-1/eloralintide-selective-amylin-receptor-agonist,https://metabolicscience.org/glp-1/eloralintide-selective-amylin-receptor-agonist/,200,https://metabolicscience.org/glp-1/eloralintide-selective-amylin-receptor-agonist/,Eloralintide: Lilly's Amylin Drug With 20% Weight Loss | Metabolic Science,74,Eloralintide is Eli Lilly's selective amylin receptor agonist that produced 20% weight loss in a 48-week Phase 2 trial. Here's what the Lancet data actually show.,1,2016,2,0,2,0,,Metabolic Science | Evidence-Based Weight Loss & Health,True
https://metabolicscience.org/glp-1/exercise-with-glp1,https://metabolicscience.org/glp-1/exercise-with-glp1/,200,https://metabolicscience.org/glp-1/exercise-with-glp1/,Exercise with GLP-1 Medications: Preserving Muscle | Metabolic Science,70,"Learn how to combine exercise with GLP-1 medications like semaglutide and tirzepatide to maximize fat loss, preserve lean muscle mass, and improve long-term outcomes.",1,1766,8,6,2,0,,Metabolic Science | Evidence-Based Weight Loss & Health,True
https://metabolicscience.org/glp-1/glp1-acid-reflux-gerd,https://metabolicscience.org/glp-1/glp1-acid-reflux-gerd/,200,https://metabolicscience.org/glp-1/glp1-acid-reflux-gerd/,GLP-1 Medications and Acid Reflux: What the Research Shows | Metabolic Science,78,"Do Ozempic, Wegovy, and Mounjaro cause acid reflux? Here's what cohort studies and meta-analyses show about GERD risk, why delayed stomach emptying drives it, and how to manage it.",1,1790,2,0,2,0,,Metabolic Science | Evidence-Based Weight Loss & Health,True
https://metabolicscience.org/glp-1/glp1-addiction-research,https://metabolicscience.org/glp-1/glp1-addiction-research/,200,https://metabolicscience.org/glp-1/glp1-addiction-research/,GLP-1 Medications and Addiction: What the Research Shows | Metabolic Science,76,"Emerging research reveals GLP-1 medications like semaglutide may reduce cravings for alcohol, opioids, and nicotine by targeting the brain's reward system. Here's what the science shows.",1,1886,4,2,2,0,,Metabolic Science | Evidence-Based Weight Loss & Health,True
https://metabolicscience.org/glp-1/glp1-adolescents-teens,https://metabolicscience.org/glp-1/glp1-adolescents-teens/,200,https://metabolicscience.org/glp-1/glp1-adolescents-teens/,GLP-1 Medications for Adolescents: What the Research Shows | Metabolic Science,78,"Wegovy and Saxenda are FDA-approved for adolescents 12 and older. Here's what STEP TEENS, AAP guidelines, and ongoing trials reveal about safety and efficacy in teens.",1,2103,2,0,2,0,,Metabolic Science | Evidence-Based Weight Loss & Health,True
https://metabolicscience.org/glp-1/glp1-alcohol-interaction,https://metabolicscience.org/glp-1/glp1-alcohol-interaction/,200,https://metabolicscience.org/glp-1/glp1-alcohol-interaction/,GLP-1 Medications and Alcohol: What the Research Shows | Metabolic Science,74,"GLP-1 drugs like Ozempic may reduce alcohol cravings and intake. Explore the clinical evidence, neurobiological mechanisms, and practical safety guidance.",1,1596,6,4,2,0,,Metabolic Science | Evidence-Based Weight Loss & Health,True
https://metabolicscience.org/glp-1/glp1-alzheimers-disease,https://metabolicscience.org/glp-1/glp1-alzheimers-disease/,200,https://metabolicscience.org/glp-1/glp1-alzheimers-disease/,GLP-1 Medications and Alzheimer's Disease: What the Research Shows | Metabolic Science,86,"Phase 3 EVOKE trials of oral semaglutide failed to slow cognitive decline in early Alzheimer's, but biomarkers improved. Here is what the science actually shows.",1,1989,2,0,2,0,,Metabolic Science | Evidence-Based Weight Loss & Health,True
https://metabolicscience.org/glp-1/glp1-asthma,https://metabolicscience.org/glp-1/glp1-asthma/,200,https://metabolicscience.org/glp-1/glp1-asthma/,GLP-1 Medications and Asthma: What the Research Shows | Metabolic Science,73,"Can GLP-1 drugs like Ozempic and Wegovy reduce asthma attacks? Here's what cohort studies in adults and teens reveal about exacerbations, steroids, and airway inflammation.",1,2084,3,1,2,0,,Metabolic Science | Evidence-Based Weight Loss & Health,True
https://metabolicscience.org/glp-1/glp1-atrial-fibrillation,https://metabolicscience.org/glp-1/glp1-atrial-fibrillation/,200,https://metabolicscience.org/glp-1/glp1-atrial-fibrillation/,GLP-1 Medications and Atrial Fibrillation: What the Research Shows | Metabolic Science,86,"Do GLP-1 drugs like Ozempic raise or lower atrial fibrillation risk? Pooled trials of 40,000+ patients show an 18% lower AFib risk, beyond weight loss alone.",1,2287,4,2,2,0,,Metabolic Science | Evidence-Based Weight Loss & Health,True
https://metabolicscience.org/glp-1/glp1-binge-eating-disorder,https://metabolicscience.org/glp-1/glp1-binge-eating-disorder/,200,https://metabolicscience.org/glp-1/glp1-binge-eating-disorder/,GLP-1 Medications for Binge Eating Disorder: What the Research Shows | Metabolic Science,88,"Can semaglutide, liraglutide, or dulaglutide reduce binge eating episodes? A review of pilot trials, mechanisms, and what current evidence means for BED treatment.",1,2254,2,0,2,0,,Metabolic Science | Evidence-Based Weight Loss & Health,True
https://metabolicscience.org/glp-1/glp1-birth-control-contraception,https://metabolicscience.org/glp-1/glp1-birth-control-contraception/,200,https://metabolicscience.org/glp-1/glp1-birth-control-contraception/,GLP-1 Medications and Birth Control: What the Research Shows | Metabolic Science,80,"Do GLP-1 medications weaken birth control? Tirzepatide can cut pill absorption by ~20%, while semaglutide does not. Here's what the science says and how to stay protected.",1,1748,3,1,2,0,,Metabolic Science | Evidence-Based Weight Loss & Health,True
https://metabolicscience.org/glp-1/glp1-blood-pressure,https://metabolicscience.org/glp-1/glp1-blood-pressure/,200,https://metabolicscience.org/glp-1/glp1-blood-pressure/,GLP-1 Medications and Blood Pressure: What the Research Shows | Metabolic Science,81,How semaglutide and tirzepatide lower blood pressure through weight loss and direct vascular mechanisms — a review of the latest clinical trial evidence.,1,1608,6,4,2,0,,Metabolic Science | Evidence-Based Weight Loss & Health,True
https://metabolicscience.org/glp-1/glp1-bone-health,https://metabolicscience.org/glp-1/glp1-bone-health/,200,https://metabolicscience.org/glp-1/glp1-bone-health/,GLP-1 Medications and Bone Health: What the Research Shows | Metabolic Science,78,GLP-1 medications may reduce bone mineral density during weight loss. Learn what clinical research reveals about fracture risk and how to protect your bones.,1,1827,3,1,2,0,,Metabolic Science | Evidence-Based Weight Loss & Health,True
https://metabolicscience.org/glp-1/glp1-brain-health-cognitive-function,https://metabolicscience.org/glp-1/glp1-brain-health-cognitive-function/,200,https://metabolicscience.org/glp-1/glp1-brain-health-cognitive-function/,GLP-1 Medications and Brain Health: What the Research Shows | Metabolic Science,79,New research links semaglutide and other GLP-1 drugs to reduced dementia risk and neuroprotection. Here's what the science actually says about brain health.,1,1729,4,2,2,0,,Metabolic Science | Evidence-Based Weight Loss & Health,True
https://metabolicscience.org/glp-1/glp1-cancer-risk-research,https://metabolicscience.org/glp-1/glp1-cancer-risk-research/,200,https://metabolicscience.org/glp-1/glp1-cancer-risk-research/,GLP-1 Medications and Cancer Risk: What the Research Shows | Metabolic Science,78,Recent studies of over 1.6 million patients suggest GLP-1 medications may reduce risk of 10 obesity-associated cancers — but a thyroid signal still demands attention. Here's the evidence.,1,1966,2,0,2,0,,Metabolic Science | Evidence-Based Weight Loss & Health,True
https://metabolicscience.org/glp-1/glp1-cardiovascular-benefits,https://metabolicscience.org/glp-1/glp1-cardiovascular-benefits/,200,https://metabolicscience.org/glp-1/glp1-cardiovascular-benefits/,GLP-1 Medications and Heart Health: Cardiovascular Benefits Beyond Weight Loss | Metabolic Science,98,"GLP-1 receptor agonists like semaglutide and liraglutide reduce major cardiovascular events, stroke, and heart failure risk—independent of weight loss alone. Here's what the evidence shows.",1,1666,19,17,2,0,,Metabolic Science | Evidence-Based Weight Loss & Health,True
https://metabolicscience.org/glp-1/glp1-cholesterol-lipid-profile,https://metabolicscience.org/glp-1/glp1-cholesterol-lipid-profile/,200,https://metabolicscience.org/glp-1/glp1-cholesterol-lipid-profile/,GLP-1 Medications and Cholesterol: What the Research Shows | Metabolic Science,78,GLP-1 medications like semaglutide and tirzepatide improve cholesterol and triglycerides. Here's what clinical trials reveal about their lipid-lowering effects.,1,1595,4,2,2,0,,Metabolic Science | Evidence-Based Weight Loss & Health,True
https://metabolicscience.org/glp-1/glp1-constipation,https://metabolicscience.org/glp-1/glp1-constipation/,200,https://metabolicscience.org/glp-1/glp1-constipation/,GLP-1 Medications and Constipation: Why It Happens and How to Manage It | Metabolic Science,91,Constipation affects roughly 1 in 4 people on semaglutide and tirzepatide. Here's why GLP-1 medications slow the gut — and the evidence-based ways to keep things moving.,1,1754,4,2,2,0,,Metabolic Science | Evidence-Based Weight Loss & Health,True
https://metabolicscience.org/glp-1/glp1-copd,https://metabolicscience.org/glp-1/glp1-copd/,200,https://metabolicscience.org/glp-1/glp1-copd/,GLP-1 Medications and COPD: What the Research Shows | Metabolic Science,71,"Can GLP-1 drugs like Ozempic, Wegovy, and Mounjaro reduce COPD flare-ups? Here's what cohort studies, a network meta-analysis, and trial data reveal about exacerbations and lung risk.",1,1817,2,0,2,0,,Metabolic Science | Evidence-Based Weight Loss & Health,True
https://metabolicscience.org/glp-1/glp1-dehydration,https://metabolicscience.org/glp-1/glp1-dehydration/,200,https://metabolicscience.org/glp-1/glp1-dehydration/,GLP-1 Medications and Dehydration: Risks and Prevention | Metabolic Science,75,"Why GLP-1 medications like Ozempic and Zepbound raise dehydration risk, the link to acute kidney injury, and evidence-based steps to stay hydrated safely.",1,2024,4,2,2,0,,Metabolic Science | Evidence-Based Weight Loss & Health,True
https://metabolicscience.org/glp-1/glp1-diarrhea,https://metabolicscience.org/glp-1/glp1-diarrhea/,200,https://metabolicscience.org/glp-1/glp1-diarrhea/,GLP-1 Medications and Diarrhea: Why It Happens and How to Manage It | Metabolic Science,87,Diarrhea hits roughly 1 in 3 people on semaglutide and 1 in 5 on tirzepatide. Here's the surprising reason a drug that slows the gut still loosens stools — and how to manage it.,1,1974,3,1,2,0,,Metabolic Science | Evidence-Based Weight Loss & Health,True
https://metabolicscience.org/glp-1/glp1-dizziness-vertigo,https://metabolicscience.org/glp-1/glp1-dizziness-vertigo/,200,https://metabolicscience.org/glp-1/glp1-dizziness-vertigo/,GLP-1 Medications and Dizziness: What the Research Shows | Metabolic Science,76,"Why GLP-1 medications like Ozempic and Zepbound can cause dizziness, the difference between lightheadedness and true vertigo, and evidence-based ways to manage it.",1,2144,2,0,2,0,,Metabolic Science | Evidence-Based Weight Loss & Health,True
https://metabolicscience.org/glp-1/glp1-eye-health-vision-risks,https://metabolicscience.org/glp-1/glp1-eye-health-vision-risks/,200,https://metabolicscience.org/glp-1/glp1-eye-health-vision-risks/,"GLP-1 Medications and Eye Health: NAION, Retinopathy, and Vision Risks | Metabolic Science",90,"What 2024–2026 research, the WHO ACSoMP review, and the EMA label update show about Ozempic, Wegovy, and the rare optic-nerve risk known as NAION.",1,2666,2,0,2,0,,Metabolic Science | Evidence-Based Weight Loss & Health,True
https://metabolicscience.org/glp-1/glp1-fatigue,https://metabolicscience.org/glp-1/glp1-fatigue/,200,https://metabolicscience.org/glp-1/glp1-fatigue/,GLP-1 Medications and Fatigue: Why You Feel Tired and What Helps | Metabolic Science,84,"Why GLP-1 medications like Ozempic and Zepbound cause fatigue, what trial data shows about how common it is, when tiredness peaks, and evidence-based ways to manage it.",1,2723,2,0,2,0,,Metabolic Science | Evidence-Based Weight Loss & Health,True
https://metabolicscience.org/glp-1/glp1-fatty-liver-masld,https://metabolicscience.org/glp-1/glp1-fatty-liver-masld/,200,https://metabolicscience.org/glp-1/glp1-fatty-liver-masld/,GLP-1 Medications and Fatty Liver Disease: What the Research Shows | Metabolic Science,86,"New phase 3 trials show semaglutide resolves MASH in 63% of patients. Learn how GLP-1 medications treat MASLD, what the research reveals, and when they may help.",1,1827,7,5,2,0,,Metabolic Science | Evidence-Based Weight Loss & Health,True
https://metabolicscience.org/glp-1/glp1-fertility-reproductive-health,https://metabolicscience.org/glp-1/glp1-fertility-reproductive-health/,200,https://metabolicscience.org/glp-1/glp1-fertility-reproductive-health/,GLP-1 Medications and Fertility: What the Research Shows | Metabolic Science,76,"Growing evidence links GLP-1 receptor agonists to improved fertility in women with PCOS and obesity. What 2024–2025 research reveals about safety, efficacy, and pregnancy planning.",1,1758,5,3,2,0,,Metabolic Science | Evidence-Based Weight Loss & Health,True
https://metabolicscience.org/glp-1/glp1-food-noise-science,https://metabolicscience.org/glp-1/glp1-food-noise-science/,200,https://metabolicscience.org/glp-1/glp1-food-noise-science/,What Is Food Noise? How GLP-1 Medications Help Silence It | Metabolic Science,77,Food noise is the relentless mental chatter about food that drives overeating. Learn how GLP-1 medications like semaglutide reduce this cognitive burden scientifically.,1,1783,11,9,2,0,,Metabolic Science | Evidence-Based Weight Loss & Health,True
https://metabolicscience.org/glp-1/glp1-gallbladder-disease-research,https://metabolicscience.org/glp-1/glp1-gallbladder-disease-research/,200,https://metabolicscience.org/glp-1/glp1-gallbladder-disease-research/,GLP-1 Medications and Gallbladder Disease: What the Research Shows | Metabolic Science,86,"Meta-analyses link GLP-1 drugs to a higher risk of gallstones and gallbladder disease. Learn the data, the mechanisms, and how to lower your risk.",1,2197,3,1,2,0,,Metabolic Science | Evidence-Based Weight Loss & Health,True
https://metabolicscience.org/glp-1/glp1-gastroparesis-stomach-paralysis,https://metabolicscience.org/glp-1/glp1-gastroparesis-stomach-paralysis/,200,https://metabolicscience.org/glp-1/glp1-gastroparesis-stomach-paralysis/,GLP-1 Medications and Gastroparesis: What the Research Shows | Metabolic Science,80,"Do Ozempic and Wegovy cause stomach paralysis? We review the pharmacovigilance data, gastric emptying studies, FDA labeling, and what it means for safety.",1,2108,5,3,2,0,,Metabolic Science | Evidence-Based Weight Loss & Health,True
https://metabolicscience.org/glp-1/glp1-gout,https://metabolicscience.org/glp-1/glp1-gout/,200,https://metabolicscience.org/glp-1/glp1-gout/,GLP-1 Medications and Gout: What the Research Shows | Metabolic Science,71,Does Ozempic raise or lower gout risk? The research shows a transient uric-acid spike during rapid weight loss — and why SGLT2 drugs beat GLP-1s for gout.,1,2094,2,0,2,0,,Metabolic Science | Evidence-Based Weight Loss & Health,True
https://metabolicscience.org/glp-1/glp1-gut-health,https://metabolicscience.org/glp-1/glp1-gut-health/,200,https://metabolicscience.org/glp-1/glp1-gut-health/,GLP-1 Medications and Gut Health: What the Research Shows | Metabolic Science,77,"How GLP-1 receptor agonists like semaglutide and tirzepatide affect gut microbiome diversity, intestinal barrier function, and inflammatory conditions — a review of the latest science.",1,1688,4,2,2,0,,Metabolic Science | Evidence-Based Weight Loss & Health,True
https://metabolicscience.org/glp-1/glp1-hair-loss,https://metabolicscience.org/glp-1/glp1-hair-loss/,200,https://metabolicscience.org/glp-1/glp1-hair-loss/,GLP-1 Medications and Hair Loss: What the Research Shows | Metabolic Science,76,"Hair loss affects many GLP-1 users. Learn what the science says about why it happens, who is most at risk, and evidence-based strategies to minimize shedding.",1,1661,3,1,2,0,,Metabolic Science | Evidence-Based Weight Loss & Health,True
https://metabolicscience.org/glp-1/glp1-heart-failure-hfpef,https://metabolicscience.org/glp-1/glp1-heart-failure-hfpef/,200,https://metabolicscience.org/glp-1/glp1-heart-failure-hfpef/,GLP-1 Medications for Heart Failure (HFpEF): What the Research Shows | Metabolic Science,88,"Semaglutide and tirzepatide reduce hospitalizations, ease symptoms, and shrink left ventricular mass in obesity-related HFpEF. Here's what STEP-HFpEF and SUMMIT reveal.",1,2285,3,1,2,0,,Metabolic Science | Evidence-Based Weight Loss & Health,True
https://metabolicscience.org/glp-1/glp1-heart-rate,https://metabolicscience.org/glp-1/glp1-heart-rate/,200,https://metabolicscience.org/glp-1/glp1-heart-rate/,GLP-1 Medications and Heart Rate: Why They Speed It Up | Metabolic Science,74,"Do Ozempic, Wegovy, and Mounjaro raise your heart rate? Here's what meta-analyses show about the 2–7 bpm increase, why it happens at the sinus node, and whether it's dangerous.",1,1966,3,1,2,0,,Metabolic Science | Evidence-Based Weight Loss & Health,True
https://metabolicscience.org/glp-1/glp1-hidradenitis-suppurativa,https://metabolicscience.org/glp-1/glp1-hidradenitis-suppurativa/,200,https://metabolicscience.org/glp-1/glp1-hidradenitis-suppurativa/,GLP-1 Medications and Hidradenitis Suppurativa: The Evidence | Metabolic Science,80,GLP-1 drugs are showing up in hidradenitis suppurativa research with lower flare rates and fewer biologic escalations. Here's what the 2026 systematic reviews actually found.,1,2035,2,0,2,0,,Metabolic Science | Evidence-Based Weight Loss & Health,True
https://metabolicscience.org/glp-1/glp1-hypoglycemia,https://metabolicscience.org/glp-1/glp1-hypoglycemia/,200,https://metabolicscience.org/glp-1/glp1-hypoglycemia/,GLP-1 Medications and Hypoglycemia: Real Risk and How to Manage It | Metabolic Science,86,"Do GLP-1 drugs cause low blood sugar? On their own the risk is under 1%, but it climbs sharply with insulin or sulfonylureas. Here's what the evidence shows.",1,1648,5,3,2,0,,Metabolic Science | Evidence-Based Weight Loss & Health,True
https://metabolicscience.org/glp-1/glp1-infection-risk-immune-system,https://metabolicscience.org/glp-1/glp1-infection-risk-immune-system/,200,https://metabolicscience.org/glp-1/glp1-infection-risk-immune-system/,GLP-1 Medications and Infection Risk: What the Research Shows | Metabolic Science,81,"Do GLP-1 drugs like semaglutide raise or lower infection risk? Large meta-analyses now point to fewer serious infections, pneumonia, and COVID-19 deaths. Here's the evidence.",1,1819,2,0,2,0,,Metabolic Science | Evidence-Based Weight Loss & Health,True
https://metabolicscience.org/glp-1/glp1-inflammation-research,https://metabolicscience.org/glp-1/glp1-inflammation-research/,200,https://metabolicscience.org/glp-1/glp1-inflammation-research/,GLP-1 Medications and Inflammation: What the Research Shows | Metabolic Science,79,"Beyond weight loss, GLP-1 medications like semaglutide reduce systemic inflammation through multiple pathways. Here's what clinical trials and mechanistic studies reveal.",1,1512,12,10,2,0,,Metabolic Science | Evidence-Based Weight Loss & Health,True
https://metabolicscience.org/glp-1/glp1-inflammatory-bowel-disease,https://metabolicscience.org/glp-1/glp1-inflammatory-bowel-disease/,200,https://metabolicscience.org/glp-1/glp1-inflammatory-bowel-disease/,GLP-1 Medications and Inflammatory Bowel Disease: The Evidence | Metabolic Science,82,Can GLP-1 drugs help Crohn's and ulcerative colitis? New 2025 meta-analyses link them to fewer surgeries and hospitalizations in IBD. Here's the data and the caveats.,1,1851,2,0,2,0,,Metabolic Science | Evidence-Based Weight Loss & Health,True
https://metabolicscience.org/glp-1/glp1-insulin-resistance,https://metabolicscience.org/glp-1/glp1-insulin-resistance/,200,https://metabolicscience.org/glp-1/glp1-insulin-resistance/,GLP-1 Medications and Insulin Resistance: What the Research Shows | Metabolic Science,85,"How GLP-1 receptor agonists like semaglutide and tirzepatide reverse insulin resistance through hepatic, muscular, and adipose mechanisms — with clinical trial evidence.",1,1857,6,4,2,0,,Metabolic Science | Evidence-Based Weight Loss & Health,True
https://metabolicscience.org/glp-1/glp1-intermittent-fasting,https://metabolicscience.org/glp-1/glp1-intermittent-fasting/,200,https://metabolicscience.org/glp-1/glp1-intermittent-fasting/,GLP-1 Medications and Intermittent Fasting: Can You Combine Them? | Metabolic Science,85,"Can you safely combine GLP-1 medications and intermittent fasting? What the research shows on weight loss, muscle preservation, hypoglycemia risk, and how to eat.",1,1895,2,0,2,0,,Metabolic Science | Evidence-Based Weight Loss & Health,True
https://metabolicscience.org/glp-1/glp1-joint-pain-arthritis,https://metabolicscience.org/glp-1/glp1-joint-pain-arthritis/,200,https://metabolicscience.org/glp-1/glp1-joint-pain-arthritis/,GLP-1 Medications and Joint Pain: What the Research Shows | Metabolic Science,77,Discover how GLP-1 medications like semaglutide reduce joint pain in osteoarthritis and rheumatoid arthritis. Review of landmark clinical trials and mechanisms.,1,1709,2,0,2,0,,Metabolic Science | Evidence-Based Weight Loss & Health,True
https://metabolicscience.org/glp-1/glp1-kidney-health,https://metabolicscience.org/glp-1/glp1-kidney-health/,200,https://metabolicscience.org/glp-1/glp1-kidney-health/,GLP-1 Medications and Kidney Health: What the Research Shows | Metabolic Science,80,"Learn how GLP-1 receptor agonists like semaglutide protect kidney function, reduce albuminuria, and slow CKD progression — backed by the landmark FLOW trial and 2024 meta-analyses.",1,1588,8,6,2,0,,Metabolic Science | Evidence-Based Weight Loss & Health,True
https://metabolicscience.org/glp-1/glp1-longevity-aging,https://metabolicscience.org/glp-1/glp1-longevity-aging/,200,https://metabolicscience.org/glp-1/glp1-longevity-aging/,GLP-1 Medications and Longevity: Can They Slow Aging? | Metabolic Science,73,Can GLP-1 drugs like Ozempic and Mounjaro slow biological aging and help you live longer? Here's what randomized trials and aging research actually show.,1,1996,2,0,2,0,,Metabolic Science | Evidence-Based Weight Loss & Health,True
https://metabolicscience.org/glp-1/glp1-menopause-midlife-weight-loss,https://metabolicscience.org/glp-1/glp1-menopause-midlife-weight-loss/,200,https://metabolicscience.org/glp-1/glp1-menopause-midlife-weight-loss/,GLP-1 Medications and Menopause: What the Research Shows | Metabolic Science,76,Menopause redistributes fat to the abdomen and lowers metabolic rate. Here's what semaglutide and tirzepatide trials show for perimenopausal and postmenopausal women.,1,2021,3,1,2,0,,Metabolic Science | Evidence-Based Weight Loss & Health,True
https://metabolicscience.org/glp-1/glp1-menstrual-cycle,https://metabolicscience.org/glp-1/glp1-menstrual-cycle/,200,https://metabolicscience.org/glp-1/glp1-menstrual-cycle/,GLP-1 Medications and Your Menstrual Cycle: The Research | Metabolic Science,76,"GLP-1 medications like Ozempic and Wegovy can change your period—restoring ovulation, shifting cycle length, and affecting birth control. Here's what the science shows.",1,1489,3,1,2,0,,Metabolic Science | Evidence-Based Weight Loss & Health,True
https://metabolicscience.org/glp-1/glp1-mental-health,https://metabolicscience.org/glp-1/glp1-mental-health/,200,https://metabolicscience.org/glp-1/glp1-mental-health/,GLP-1 Medications and Mental Health: What the Research Shows | Metabolic Science,80,"Do GLP-1 medications like semaglutide affect depression, anxiety, and addiction? A review of the latest clinical research on psychiatric safety and brain health.",1,1734,5,3,2,0,,Metabolic Science | Evidence-Based Weight Loss & Health,True
https://metabolicscience.org/glp-1/glp1-metabolic-syndrome,https://metabolicscience.org/glp-1/glp1-metabolic-syndrome/,200,https://metabolicscience.org/glp-1/glp1-metabolic-syndrome/,GLP-1 Medications and Metabolic Syndrome: What the Research Shows | Metabolic Science,85,Can GLP-1 drugs like Ozempic and Mounjaro reverse metabolic syndrome? Here's what randomized trials show about each of its five cardiometabolic risk factors.,1,2116,5,3,2,0,,Metabolic Science | Evidence-Based Weight Loss & Health,True
https://metabolicscience.org/glp-1/glp1-migraine-headache,https://metabolicscience.org/glp-1/glp1-migraine-headache/,200,https://metabolicscience.org/glp-1/glp1-migraine-headache/,GLP-1 Medications and Migraine: What the Research Shows | Metabolic Science,75,"GLP-1 agonists may reduce migraine frequency and intracranial pressure. We review the exenatide IIH trial, weight loss data, and clinical implications.",1,1779,2,0,2,0,,Metabolic Science | Evidence-Based Weight Loss & Health,True
https://metabolicscience.org/glp-1/glp1-muscle-loss-prevention,https://metabolicscience.org/glp-1/glp1-muscle-loss-prevention/,200,https://metabolicscience.org/glp-1/glp1-muscle-loss-prevention/,GLP-1 Medications and Muscle Loss: How to Preserve Lean Mass | Metabolic Science,80,GLP-1 drugs like semaglutide can cause lean mass loss alongside fat loss. Learn what clinical trials show and how resistance training and protein intake preserve muscle.,1,1861,24,22,2,0,,Metabolic Science | Evidence-Based Weight Loss & Health,True
https://metabolicscience.org/glp-1/glp1-nausea-management,https://metabolicscience.org/glp-1/glp1-nausea-management/,200,https://metabolicscience.org/glp-1/glp1-nausea-management/,GLP-1 Medications and Nausea: Why It Happens and How to Manage It | Metabolic Science,85,"Nausea is the most common GLP-1 side effect, affecting up to 44% of users. Here's why semaglutide and tirzepatide cause it — and how to manage it without quitting.",1,2047,14,12,2,0,,Metabolic Science | Evidence-Based Weight Loss & Health,True
https://metabolicscience.org/glp-1/glp1-older-adults-sarcopenia,https://metabolicscience.org/glp-1/glp1-older-adults-sarcopenia/,200,https://metabolicscience.org/glp-1/glp1-older-adults-sarcopenia/,GLP-1 Medications in Older Adults: Sarcopenia and Frailty Risk | Metabolic Science,82,"GLP-1 drugs like semaglutide work well after 65, but muscle loss, frailty, and weight regain carry higher stakes with age. Here's what the evidence shows.",1,2037,2,0,2,0,,Metabolic Science | Evidence-Based Weight Loss & Health,True
https://metabolicscience.org/glp-1/glp1-pancreatitis-research,https://metabolicscience.org/glp-1/glp1-pancreatitis-research/,200,https://metabolicscience.org/glp-1/glp1-pancreatitis-research/,GLP-1 Medications and Pancreatitis: What the Research Shows | Metabolic Science,79,"Acute pancreatitis is the safety question most patients ask about Ozempic and Wegovy. Here is what 60+ randomized trials, FDA data, and pharmacovigilance signals actually say in 2026.",1,2402,2,0,2,0,,Metabolic Science | Evidence-Based Weight Loss & Health,True
https://metabolicscience.org/glp-1/glp1-parkinsons-disease,https://metabolicscience.org/glp-1/glp1-parkinsons-disease/,200,https://metabolicscience.org/glp-1/glp1-parkinsons-disease/,GLP-1 Medications and Parkinson's Disease: What the Research Shows | Metabolic Science,86,"A Phase 2 trial of lixisenatide slowed motor decline in early Parkinson's, but the largest Phase 3 study of exenatide found no benefit. Here's what the science says.",1,2085,3,1,2,0,,Metabolic Science | Evidence-Based Weight Loss & Health,True
https://metabolicscience.org/glp-1/glp1-pcos-treatment,https://metabolicscience.org/glp-1/glp1-pcos-treatment/,200,https://metabolicscience.org/glp-1/glp1-pcos-treatment/,GLP-1 Medications for PCOS: What the Research Shows | Metabolic Science,71,"GLP-1 receptor agonists like semaglutide and liraglutide show promising results for PCOS—improving insulin resistance, reducing androgens, and restoring menstrual cycles.",1,1859,6,4,2,0,,Metabolic Science | Evidence-Based Weight Loss & Health,True
https://metabolicscience.org/glp-1/glp1-peripheral-artery-disease,https://metabolicscience.org/glp-1/glp1-peripheral-artery-disease/,200,https://metabolicscience.org/glp-1/glp1-peripheral-artery-disease/,GLP-1 Medications and Peripheral Artery Disease: What the Research Shows | Metabolic Science,92,The STRIDE trial showed semaglutide improves walking distance in peripheral artery disease. Here's what GLP-1 medications mean for limb and heart outcomes in PAD.,1,1935,2,0,2,0,,Metabolic Science | Evidence-Based Weight Loss & Health,True
https://metabolicscience.org/glp-1/glp1-prediabetes-diabetes-prevention,https://metabolicscience.org/glp-1/glp1-prediabetes-diabetes-prevention/,200,https://metabolicscience.org/glp-1/glp1-prediabetes-diabetes-prevention/,GLP-1 Medications for Prediabetes: Can They Prevent Type 2 Diabetes? | Metabolic Science,88,GLP-1 medications for prediabetes reversed high blood sugar in 81–84% of patients and cut type 2 diabetes risk by 94% in trials. Here's what the evidence shows.,1,1852,2,0,2,0,,Metabolic Science | Evidence-Based Weight Loss & Health,True
https://metabolicscience.org/glp-1/glp1-pregnancy,https://metabolicscience.org/glp-1/glp1-pregnancy/,200,https://metabolicscience.org/glp-1/glp1-pregnancy/,GLP-1 Medications and Pregnancy: Safety and Discontinuation | Metabolic Science,79,"What 2024–2025 research reveals about GLP-1 receptor agonist exposure during pregnancy, washout periods before conception, and clinical management of inadvertent first-trimester exposure.",1,1885,3,1,2,0,,Metabolic Science | Evidence-Based Weight Loss & Health,True
https://metabolicscience.org/glp-1/glp1-psoriasis,https://metabolicscience.org/glp-1/glp1-psoriasis/,200,https://metabolicscience.org/glp-1/glp1-psoriasis/,GLP-1 Medications and Psoriasis: What the Research Shows | Metabolic Science,76,"The National Psoriasis Foundation now backs GLP-1 drugs as an add-on for psoriasis with metabolic disease. Here's the trial evidence, the PASI numbers, and who benefits.",1,2141,3,1,2,0,,Metabolic Science | Evidence-Based Weight Loss & Health,True
https://metabolicscience.org/glp-1/glp1-resistance-genetic-causes,https://metabolicscience.org/glp-1/glp1-resistance-genetic-causes/,200,https://metabolicscience.org/glp-1/glp1-resistance-genetic-causes/,GLP-1 Resistance: Why Ozempic Doesn't Work for 1 in 10 People | Metabolic Science,81,New 2026 research from Stanford and 23andMe identifies genetic variants that cause GLP-1 resistance — explaining why some patients see minimal weight loss on semaglutide and tirzepatide. Here's the science.,1,2205,5,3,2,0,,Metabolic Science | Evidence-Based Weight Loss & Health,True
https://metabolicscience.org/glp-1/glp1-sexual-function,https://metabolicscience.org/glp-1/glp1-sexual-function/,200,https://metabolicscience.org/glp-1/glp1-sexual-function/,GLP-1 Medications and Sexual Function: What the Research Shows | Metabolic Science,82,"GLP-1 drugs improve testosterone and erectile function in some men with obesity, but a FAERS signal and clinical reviews flag reduced libido. Here is what the 2025-2026 evidence actually shows.",1,1920,2,0,2,0,,Metabolic Science | Evidence-Based Weight Loss & Health,True
https://metabolicscience.org/glp-1/glp1-side-effects,https://metabolicscience.org/glp-1/glp1-side-effects/,200,https://metabolicscience.org/glp-1/glp1-side-effects/,GLP-1 Medication Side Effects: What You Need to Know | Metabolic Science,72,"Comprehensive guide to GLP-1 medication side effects including semaglutide, tirzepatide, and liraglutide. Learn about common, rare, and serious adverse effects.",1,1510,164,31,1,0,,Metabolic Science | Evidence-Based Weight Loss & Health,True
https://metabolicscience.org/glp-1/glp1-skin-health,https://metabolicscience.org/glp-1/glp1-skin-health/,200,https://metabolicscience.org/glp-1/glp1-skin-health/,GLP-1 Medications and Skin Health: What the Research Shows | Metabolic Science,78,"GLP-1 receptor agonists like semaglutide may improve psoriasis and hidradenitis suppurativa, but also cause 'Ozempic face' and skin laxity. Here's what the evidence shows.",1,1791,3,1,2,0,,Metabolic Science | Evidence-Based Weight Loss & Health,True
https://metabolicscience.org/glp-1/glp1-sleep-apnea,https://metabolicscience.org/glp-1/glp1-sleep-apnea/,200,https://metabolicscience.org/glp-1/glp1-sleep-apnea/,GLP-1 Medications and Sleep Apnea: What the Research Shows | Metabolic Science,78,Tirzepatide became the first FDA-approved drug for obstructive sleep apnea in 2024. Learn what clinical trials reveal about GLP-1 medications and OSA.,1,1737,6,4,2,0,,Metabolic Science | Evidence-Based Weight Loss & Health,True
https://metabolicscience.org/glp-1/glp1-smoking-cessation,https://metabolicscience.org/glp-1/glp1-smoking-cessation/,200,https://metabolicscience.org/glp-1/glp1-smoking-cessation/,GLP-1 Medications and Smoking Cessation: What the Research Shows | Metabolic Science,84,"Can Ozempic and Wegovy help you quit smoking? Here's what a 222,942-patient analysis and a randomized trial reveal about GLP-1 drugs, nicotine cravings, and post-quit weight gain.",1,2000,2,0,2,0,,Metabolic Science | Evidence-Based Weight Loss & Health,True
https://metabolicscience.org/glp-1/glp1-stroke,https://metabolicscience.org/glp-1/glp1-stroke/,200,https://metabolicscience.org/glp-1/glp1-stroke/,GLP-1 Medications and Stroke: What the Research Shows | Metabolic Science,73,"Do GLP-1 drugs like Ozempic and Trulicity lower stroke risk? Trials of 60,000+ patients show a 15-17% reduction in nonfatal and ischemic stroke.",1,2157,2,0,2,0,,Metabolic Science | Evidence-Based Weight Loss & Health,True
https://metabolicscience.org/glp-1/glp1-surgery-anesthesia-perioperative-safety,https://metabolicscience.org/glp-1/glp1-surgery-anesthesia-perioperative-safety/,200,https://metabolicscience.org/glp-1/glp1-surgery-anesthesia-perioperative-safety/,GLP-1 Medications and Surgery: Perioperative Safety Guide | Metabolic Science,77,"Should you stop GLP-1 medications before surgery? New 2024–2025 multi-society guidance on aspiration risk, 24-hour liquid diet, and what to tell your anesthesiologist.",1,2186,6,4,2,0,,Metabolic Science | Evidence-Based Weight Loss & Health,True
https://metabolicscience.org/glp-1/glp1-taste-changes,https://metabolicscience.org/glp-1/glp1-taste-changes/,200,https://metabolicscience.org/glp-1/glp1-taste-changes/,GLP-1 Medications and Taste Changes: Why Food Tastes Different | Metabolic Science,82,Roughly 1 in 5 people on semaglutide or tirzepatide say food tastes different. Here's what the research shows about GLP-1 taste changes — and what helps.,1,2110,2,0,2,0,,Metabolic Science | Evidence-Based Weight Loss & Health,True
https://metabolicscience.org/glp-1/glp1-testosterone,https://metabolicscience.org/glp-1/glp1-testosterone/,200,https://metabolicscience.org/glp-1/glp1-testosterone/,GLP-1 Medications and Testosterone: What the Research Shows | Metabolic Science,79,"Can Ozempic, Wegovy, and Mounjaro raise low testosterone in men? Here's what trials and meta-analyses show about GLP-1 drugs, weight loss, and male hormones.",1,1794,2,0,2,0,,Metabolic Science | Evidence-Based Weight Loss & Health,True
https://metabolicscience.org/glp-1/glp1-thyroid-health,https://metabolicscience.org/glp-1/glp1-thyroid-health/,200,https://metabolicscience.org/glp-1/glp1-thyroid-health/,GLP-1 Medications and Thyroid Health: What the Research Shows | Metabolic Science,81,"GLP-1 receptor agonists carry an FDA thyroid warning, but human evidence differs sharply from rodent data. Here's what clinical trials actually show about thyroid cancer risk and thyroid function.",1,2221,3,1,2,0,,Metabolic Science | Evidence-Based Weight Loss & Health,True
https://metabolicscience.org/glp-1/glp1-type2-diabetes-remission,https://metabolicscience.org/glp-1/glp1-type2-diabetes-remission/,200,https://metabolicscience.org/glp-1/glp1-type2-diabetes-remission/,GLP-1 Medications and Type 2 Diabetes Remission | Metabolic Science,67,Can GLP-1 receptor agonists like semaglutide and tirzepatide induce type 2 diabetes remission? A review of the latest clinical evidence and what it means for patients.,1,1747,6,4,2,0,,Metabolic Science | Evidence-Based Weight Loss & Health,True
https://metabolicscience.org/glp-1/glp1-weight-loss-plateau,https://metabolicscience.org/glp-1/glp1-weight-loss-plateau/,200,https://metabolicscience.org/glp-1/glp1-weight-loss-plateau/,GLP-1 Weight Loss Plateau: Why It Happens and How to Break It | Metabolic Science,81,Weight loss on semaglutide and tirzepatide stalls around 12-18 months. Here's the science behind the GLP-1 plateau and evidence-based strategies to restart progress.,1,2279,8,6,2,0,,Metabolic Science | Evidence-Based Weight Loss & Health,True
https://metabolicscience.org/glp-1/hrs-7535-kai-7535-oral-glp1-pill,https://metabolicscience.org/glp-1/hrs-7535-kai-7535-oral-glp1-pill/,200,https://metabolicscience.org/glp-1/hrs-7535-kai-7535-oral-glp1-pill/,HRS-7535 (KAI-7535): The Oral GLP-1 Pill With 11% Weight Loss | Metabolic Science,81,"HRS-7535, or KAI-7535, is Hengrui and Kailera's oral small-molecule GLP-1 pill. Phase 3 data in China showed up to 11.1% weight loss. Here's the science.",1,2124,2,0,2,0,,Metabolic Science | Evidence-Based Weight Loss & Health,True
https://metabolicscience.org/glp-1/liraglutide,https://metabolicscience.org/glp-1/liraglutide/,200,https://metabolicscience.org/glp-1/liraglutide/,Liraglutide (Saxenda & Victoza): Complete Guide | Metabolic Science,67,"Everything you need to know about liraglutide — how it works, dosing, side effects, and how it compares to newer GLP-1 medications like semaglutide and tirzepatide.",1,1025,3,1,2,18,,Metabolic Science | Evidence-Based Weight Loss & Health,True
https://metabolicscience.org/glp-1/maritide-amgen-monthly-glp1-gip-antagonist,https://metabolicscience.org/glp-1/maritide-amgen-monthly-glp1-gip-antagonist/,200,https://metabolicscience.org/glp-1/maritide-amgen-monthly-glp1-gip-antagonist/,MariTide (Maridebart Cafraglutide): Amgen's Once-Monthly Obesity Drug | Metabolic Science,89,"MariTide delivers up to 20% weight loss with monthly dosing. How Amgen's GLP-1 agonist + GIP antagonist works, phase 2 data, and what comes next.",1,1682,5,3,2,0,,Metabolic Science | Evidence-Based Weight Loss & Health,True
https://metabolicscience.org/glp-1/mazdutide-china-glp1-glucagon-dual-agonist,https://metabolicscience.org/glp-1/mazdutide-china-glp1-glucagon-dual-agonist/,200,https://metabolicscience.org/glp-1/mazdutide-china-glp1-glucagon-dual-agonist/,Mazdutide: China's GLP-1/Glucagon Dual Agonist for Obesity | Metabolic Science,78,"Mazdutide is the world's first approved GLP-1/glucagon dual agonist. GLORY-1 NEJM data, mechanism vs semaglutide, liver fat reduction, and global outlook.",1,2233,5,3,2,0,,Metabolic Science | Evidence-Based Weight Loss & Health,True
https://metabolicscience.org/glp-1/met-097i-pfizer-monthly-glp1,https://metabolicscience.org/glp-1/met-097i-pfizer-monthly-glp1/,200,https://metabolicscience.org/glp-1/met-097i-pfizer-monthly-glp1/,MET-097i (PF'3944): Pfizer's Monthly GLP-1 Shot Explained | Metabolic Science,77,MET-097i is Pfizer's once-monthly GLP-1. Phase 2b showed 14.1% weekly and 12.3% monthly placebo-adjusted weight loss with unusually low dropout rates.,1,2090,2,0,2,0,,Metabolic Science | Evidence-Based Weight Loss & Health,True
https://metabolicscience.org/glp-1/missed-dose-glp1,https://metabolicscience.org/glp-1/missed-dose-glp1/,200,https://metabolicscience.org/glp-1/missed-dose-glp1/,Missed Dose Protocol for GLP-1 Medications: What to Do | Metabolic Science,74,"Learn exactly what to do if you miss a dose of semaglutide, tirzepatide, or liraglutide — with evidence-based guidelines and pharmacokinetic data.",1,1547,3,1,2,0,,Metabolic Science | Evidence-Based Weight Loss & Health,True
https://metabolicscience.org/glp-1/mounjaro-vs-ozempic,https://metabolicscience.org/glp-1/mounjaro-vs-ozempic/,200,https://metabolicscience.org/glp-1/mounjaro-vs-ozempic/,Mounjaro vs Ozempic: A Science-Based Comparison for Weight Loss | Metabolic Science,83,"Head-to-head clinical trial data comparing tirzepatide (Mounjaro) vs semaglutide (Ozempic) for weight loss and diabetes management. Evidence-based analysis of efficacy, side effects, and real-world outcomes.",1,1516,4,2,2,0,,Metabolic Science | Evidence-Based Weight Loss & Health,True
https://metabolicscience.org/glp-1/oral-semaglutide-weight-loss,https://metabolicscience.org/glp-1/oral-semaglutide-weight-loss/,200,https://metabolicscience.org/glp-1/oral-semaglutide-weight-loss/,Oral Semaglutide for Weight Loss: The New Wegovy Pill | Metabolic Science,73,"The FDA-approved Wegovy pill delivers up to 16.6% weight loss in clinical trials. Learn how oral semaglutide works, how it compares to injections, and who it's right for.",1,1597,7,5,2,0,,Metabolic Science | Evidence-Based Weight Loss & Health,True
https://metabolicscience.org/glp-1/orforglipron-oral-glp1-pill,https://metabolicscience.org/glp-1/orforglipron-oral-glp1-pill/,200,https://metabolicscience.org/glp-1/orforglipron-oral-glp1-pill/,Orforglipron: The Oral GLP-1 Pill for Weight Loss | Metabolic Science,69,Orforglipron is Eli Lilly's oral small-molecule GLP-1 receptor agonist. Phase 3 trials show up to 11.2% weight loss — no injections required. Here's what the science says.,1,1546,11,9,2,0,,Metabolic Science | Evidence-Based Weight Loss & Health,True
https://metabolicscience.org/glp-1/ozempic-face,https://metabolicscience.org/glp-1/ozempic-face/,200,https://metabolicscience.org/glp-1/ozempic-face/,"Ozempic Face: Causes, Prevention, and What the Research Shows | Metabolic Science",81,Ozempic face — facial volume loss from rapid GLP-1 weight loss — is real and measurable. Here's the science behind why it happens and how to prevent it.,1,1991,2,0,2,0,,Metabolic Science | Evidence-Based Weight Loss & Health,True
https://metabolicscience.org/glp-1/ozempic-off-label-use,https://metabolicscience.org/glp-1/ozempic-off-label-use/,200,https://metabolicscience.org/glp-1/ozempic-off-label-use/,Ozempic Off-Label Use: What the Science Says | Metabolic Science,64,"Discover the evidence behind Ozempic's off-label uses for cardiovascular disease, kidney disease, PCOS, liver disease, and alcohol use disorder.",1,1832,2,0,2,0,,Metabolic Science | Evidence-Based Weight Loss & Health,True
https://metabolicscience.org/glp-1/ozempic-vs-wegovy,https://metabolicscience.org/glp-1/ozempic-vs-wegovy/,200,https://metabolicscience.org/glp-1/ozempic-vs-wegovy/,Ozempic vs Wegovy: What's the Difference? | Metabolic Science,61,"Compare Ozempic and Wegovy—two semaglutide medications. Learn about dosages, approved uses, insurance coverage, and which might be right for you.",1,1419,164,7,1,0,,Metabolic Science | Evidence-Based Weight Loss & Health,True
https://metabolicscience.org/glp-1/pemvidutide-altimmune-glp1-glucagon-dual-agonist,https://metabolicscience.org/glp-1/pemvidutide-altimmune-glp1-glucagon-dual-agonist/,200,https://metabolicscience.org/glp-1/pemvidutide-altimmune-glp1-glucagon-dual-agonist/,Pemvidutide: The GLP-1/Glucagon Dual Agonist With 15.6% Weight Loss | Metabolic Science,87,"Altimmune's pemvidutide hit 15.6% weight loss in Phase 2 MOMENTUM with class-leading lean mass preservation, and won FDA Breakthrough status in MASH. The full evidence.",1,2346,3,1,2,0,,Metabolic Science | Evidence-Based Weight Loss & Health,True
https://metabolicscience.org/glp-1/petrelintide-amylin-analog-weight-loss,https://metabolicscience.org/glp-1/petrelintide-amylin-analog-weight-loss/,200,https://metabolicscience.org/glp-1/petrelintide-amylin-analog-weight-loss/,Petrelintide: Roche's Amylin Analog for Weight Loss | Metabolic Science,71,Petrelintide is a long-acting amylin analog from Zealand and Roche delivering double-digit weight loss with mild GI side effects. Here's what the Phase 2 data show.,1,1909,3,1,2,0,,Metabolic Science | Evidence-Based Weight Loss & Health,True
https://metabolicscience.org/glp-1/phentermine-vs-glp1,https://metabolicscience.org/glp-1/phentermine-vs-glp1/,200,https://metabolicscience.org/glp-1/phentermine-vs-glp1/,Phentermine vs GLP-1 Medications: Which Is Right for You? | Metabolic Science,77,"Compare phentermine and GLP-1 receptor agonists for weight loss. Evidence-based breakdown of efficacy, safety, cost, and how to choose between these two drug classes.",1,1668,4,2,2,0,,Metabolic Science | Evidence-Based Weight Loss & Health,True
https://metabolicscience.org/glp-1/retatrutide-triple-agonist-weight-loss,https://metabolicscience.org/glp-1/retatrutide-triple-agonist-weight-loss/,200,https://metabolicscience.org/glp-1/retatrutide-triple-agonist-weight-loss/,Retatrutide: Triple-Agonist Drug with 24% Weight Loss | Metabolic Science,73,"Retatrutide activates GLP-1, GIP, and glucagon receptors simultaneously, producing 24.2% weight loss in Phase 2 trials — beyond any current obesity drug.",1,1774,11,9,2,0,,Metabolic Science | Evidence-Based Weight Loss & Health,True
https://metabolicscience.org/glp-1/ribupatide-hrs9531-glp1-gip-dual-agonist,https://metabolicscience.org/glp-1/ribupatide-hrs9531-glp1-gip-dual-agonist/,200,https://metabolicscience.org/glp-1/ribupatide-hrs9531-glp1-gip-dual-agonist/,Ribupatide (HRS9531): The GLP-1/GIP Rival From China | Metabolic Science,72,Ribupatide delivered 19.2% weight loss in a Chinese Phase 3 trial and is now in global Phase 3 against semaglutide. What the data show — and what they don't.,1,2355,4,2,2,0,,Metabolic Science | Evidence-Based Weight Loss & Health,True
https://metabolicscience.org/glp-1/rybelsus,https://metabolicscience.org/glp-1/rybelsus/,200,https://metabolicscience.org/glp-1/rybelsus/,Rybelsus (Oral Semaglutide): Complete Guide to the Pill Form | Metabolic Science,80,"Rybelsus is the first oral GLP-1 medication for type 2 diabetes and weight loss. Learn how it works, dosing, efficacy, side effects, and how it compares to injections.",1,1907,3,1,2,0,,Metabolic Science | Evidence-Based Weight Loss & Health,True
https://metabolicscience.org/glp-1/saxenda-vs-wegovy,https://metabolicscience.org/glp-1/saxenda-vs-wegovy/,200,https://metabolicscience.org/glp-1/saxenda-vs-wegovy/,Saxenda vs Wegovy: Which GLP-1 Wins for Weight Loss? | Metabolic Science,72,"Head-to-head comparison of Saxenda (liraglutide 3mg) vs Wegovy (semaglutide 2.4mg) for weight loss, based on the STEP 8 trial and systematic reviews.",1,1760,3,1,2,0,,Metabolic Science | Evidence-Based Weight Loss & Health,True
https://metabolicscience.org/glp-1/semaglutide-dosage-guide,https://metabolicscience.org/glp-1/semaglutide-dosage-guide/,200,https://metabolicscience.org/glp-1/semaglutide-dosage-guide/,"Semaglutide Dosage Guide: Titration, Maintenance & Adjustments | Metabolic Science",82,"Complete semaglutide dosage guide covering titration schedules for Wegovy, Ozempic, and Rybelsus — with clinical evidence, dose adjustment tips, and missed dose protocols.",1,1725,7,5,2,0,,Metabolic Science | Evidence-Based Weight Loss & Health,True
https://metabolicscience.org/glp-1/survodutide-glucagon-glp1-dual-agonist,https://metabolicscience.org/glp-1/survodutide-glucagon-glp1-dual-agonist/,200,https://metabolicscience.org/glp-1/survodutide-glucagon-glp1-dual-agonist/,Survodutide: The Glucagon/GLP-1 Dual Agonist with 16.6% Weight Loss | Metabolic Science,87,Boehringer Ingelheim's survodutide hit its Phase 3 SYNCHRONIZE-1 endpoint with 16.6% sustained weight loss — and it does it through a mechanism no approved obesity drug shares. Here's the full evidence.,1,2572,5,3,2,0,,Metabolic Science | Evidence-Based Weight Loss & Health,True
https://metabolicscience.org/glp-1/switching-glp1-drugs,https://metabolicscience.org/glp-1/switching-glp1-drugs/,200,https://metabolicscience.org/glp-1/switching-glp1-drugs/,How to Switch Between GLP-1 Medications Safely | Metabolic Science,66,"A clinical guide to switching between GLP-1 receptor agonists — when to switch, how to transition, and what outcomes to expect based on current evidence.",1,1694,4,2,2,0,,Metabolic Science | Evidence-Based Weight Loss & Health,True
https://metabolicscience.org/glp-1/tirzepatide,https://metabolicscience.org/glp-1/tirzepatide/,200,https://metabolicscience.org/glp-1/tirzepatide/,Tirzepatide (Mounjaro): O Primeiro Agonista Dual GIP/GLP-1 | Metabolic Science,78,"Guia completo sobre tirzepatide - mecanismo dual de ação, eficácia superior ao semaglutide nos estudos SURPASS, efeitos colaterais e protocolo de dosagem",2,1882,7,5,2,0,,Metabolic Science | Evidence-Based Weight Loss & Health,True
https://metabolicscience.org/glp-1/tirzepatide-vs-retatrutide,https://metabolicscience.org/glp-1/tirzepatide-vs-retatrutide/,200,https://metabolicscience.org/glp-1/tirzepatide-vs-retatrutide/,Tirzepatide vs Retatrutide: Which Weight Loss Drug Works Better? | Metabolic Science,84,"A side-by-side comparison of tirzepatide (Zepbound) and retatrutide based on SURMOUNT, TRIUMPH, and Phase 2 NEJM data — efficacy, safety, mechanism, and timeline.",1,2240,2,0,2,0,,Metabolic Science | Evidence-Based Weight Loss & Health,True
https://metabolicscience.org/glp-1/tirzepatide-vs-semaglutide,https://metabolicscience.org/glp-1/tirzepatide-vs-semaglutide/,200,https://metabolicscience.org/glp-1/tirzepatide-vs-semaglutide/,Tirzepatide vs Semaglutide: Which Is More Effective for Weight Loss? | Metabolic Science,88,"A clinical comparison of tirzepatide (Zepbound/Mounjaro) and semaglutide (Wegovy/Ozempic) for weight loss, based on the SURMOUNT-5 trial and real-world evidence.",1,1638,28,26,2,0,,Metabolic Science | Evidence-Based Weight Loss & Health,True
https://metabolicscience.org/glp-1/traveling-with-glp1,https://metabolicscience.org/glp-1/traveling-with-glp1/,200,https://metabolicscience.org/glp-1/traveling-with-glp1/,Traveling with GLP-1 Medications: The Complete Guide | Metabolic Science,72,"How to travel safely with Ozempic, Wegovy, and Mounjaro — covering storage, TSA rules, injection schedules, and managing GI side effects on the road.",1,1910,3,1,2,0,,Metabolic Science | Evidence-Based Weight Loss & Health,True
https://metabolicscience.org/glp-1/trulicity-vs-ozempic,https://metabolicscience.org/glp-1/trulicity-vs-ozempic/,200,https://metabolicscience.org/glp-1/trulicity-vs-ozempic/,Trulicity vs Ozempic: A Clinical Comparison for 2026 | Metabolic Science,72,"Trulicity vs Ozempic: compare efficacy, weight loss, cardiovascular outcomes, side effects, and cost in this evidence-based clinical guide with 6 scientific citations.",1,1648,2,0,2,0,,Metabolic Science | Evidence-Based Weight Loss & Health,True
https://metabolicscience.org/glp-1/ubt251-triple-agonist-novo-nordisk,https://metabolicscience.org/glp-1/ubt251-triple-agonist-novo-nordisk/,200,https://metabolicscience.org/glp-1/ubt251-triple-agonist-novo-nordisk/,UBT251: Novo Nordisk's Triple Agonist With 19.7% Weight Loss | Metabolic Science,80,"Novo paid $200M upfront for UBT251, a GLP-1/GIP/glucagon triple agonist that produced 19.7% weight loss at 24 weeks in China. What the data show.",1,2372,2,0,2,0,,Metabolic Science | Evidence-Based Weight Loss & Health,True
https://metabolicscience.org/glp-1/vk2735-viking-therapeutics-glp1-gip-dual-agonist,https://metabolicscience.org/glp-1/vk2735-viking-therapeutics-glp1-gip-dual-agonist/,200,https://metabolicscience.org/glp-1/vk2735-viking-therapeutics-glp1-gip-dual-agonist/,VK2735: Viking Therapeutics' Dual GIP/GLP-1 Obesity Drug | Metabolic Science,76,"VK2735 produced up to 14.7% weight loss in just 13 weeks, as both a weekly shot and a daily pill. How Viking Therapeutics' dual GIP/GLP-1 drug works.",1,1810,2,0,2,0,,Metabolic Science | Evidence-Based Weight Loss & Health,True
https://metabolicscience.org/glp-1/wegovy-dosing-schedule,https://metabolicscience.org/glp-1/wegovy-dosing-schedule/,200,https://metabolicscience.org/glp-1/wegovy-dosing-schedule/,Wegovy Dosing Schedule: Complete Step-by-Step Guide | Metabolic Science,71,"The complete Wegovy (semaglutide 2.4mg) dosing schedule: from 0.25mg starter dose to maintenance, with clinical evidence on titration, side effects, and missed doses.",1,1728,4,2,2,0,,Metabolic Science | Evidence-Based Weight Loss & Health,True
https://metabolicscience.org/glp-1/wegovy-hd-semaglutide-7-2-mg,https://metabolicscience.org/glp-1/wegovy-hd-semaglutide-7-2-mg/,200,https://metabolicscience.org/glp-1/wegovy-hd-semaglutide-7-2-mg/,Wegovy HD (Semaglutide 7.2 mg): What the STEP UP Trial Shows | Metabolic Science,80,"Wegovy HD delivers semaglutide 7.2 mg — the FDA's newest high-dose obesity drug. STEP UP showed up to 20.7% weight loss. Here's the evidence, dosing, and safety.",1,1841,2,0,2,0,,Metabolic Science | Evidence-Based Weight Loss & Health,True
https://metabolicscience.org/glp-1/weight-regain-after-glp1,https://metabolicscience.org/glp-1/weight-regain-after-glp1/,200,https://metabolicscience.org/glp-1/weight-regain-after-glp1/,Weight Regain After Stopping GLP-1 Medications: What Research Shows | Metabolic Science,87,"Most people regain two-thirds of lost weight within one year of stopping GLP-1 drugs. Landmark trials on semaglutide and tirzepatide explain why, and what to do about it.",1,1881,20,18,2,0,,Metabolic Science | Evidence-Based Weight Loss & Health,True
https://metabolicscience.org/glp-1/what-is-semaglutide,https://metabolicscience.org/glp-1/what-is-semaglutide/,200,https://metabolicscience.org/glp-1/what-is-semaglutide/,What is Semaglutide? A Complete Guide to This Revolutionary Weight Loss Medication | Metabolic Science,102,"Learn everything about semaglutide, how it works for weight loss, its effectiveness, side effects, and what to expect when starting treatment.",2,1411,164,9,1,0,,Metabolic Science | Evidence-Based Weight Loss & Health,True
https://metabolicscience.org/medications,https://metabolicscience.org/medications/,200,https://metabolicscience.org/medications/,Weight Loss Medications | Metabolic Science,43,"Evidence-based guides on prescription weight loss medications — dosing, comparisons, insurance coverage, injection technique, and what to expect.",1,0,164,0,1,0,https://metabolicscience.org/og-image.jpg,Metabolic Science | Evidence-Based Weight Loss & Health,False
https://metabolicscience.org/medications/compounded-semaglutide,https://metabolicscience.org/medications/compounded-semaglutide/,200,https://metabolicscience.org/medications/compounded-semaglutide/,"Compounded Semaglutide: Safety, Efficacy, and What the FDA Says | Metabolic Science",83,"Is compounded semaglutide safe and effective? A clinical review of FDA warnings, 1,150+ adverse events, regulatory changes, and what patients need to know before using compounded GLP-1 drugs.",1,1684,5,3,2,0,,Metabolic Science | Evidence-Based Weight Loss & Health,True
https://metabolicscience.org/medications/contrave-review,https://metabolicscience.org/medications/contrave-review/,200,https://metabolicscience.org/medications/contrave-review/,"Contrave Review: Efficacy, Side Effects, and Who Should Consider It | Metabolic Science",87,"A comprehensive, evidence-based review of Contrave (naltrexone/bupropion) for weight loss: how it works, clinical trial results, side effects, and how it compares to GLP-1 medications.",1,1729,5,3,2,0,,Metabolic Science | Evidence-Based Weight Loss & Health,True
https://metabolicscience.org/medications/generic-semaglutide-2026,https://metabolicscience.org/medications/generic-semaglutide-2026/,200,https://metabolicscience.org/medications/generic-semaglutide-2026/,Generic Semaglutide 2026: Where It's Available and What It Costs | Metabolic Science,84,"Generic semaglutide reached India, Canada, and Brazil in 2026 at up to 90% off brand prices. What it costs, whether it works the same, and when the US gets it.",1,2044,2,0,2,0,,Metabolic Science | Evidence-Based Weight Loss & Health,True
https://metabolicscience.org/medications/glp1-nutrient-deficiencies,https://metabolicscience.org/medications/glp1-nutrient-deficiencies/,200,https://metabolicscience.org/medications/glp1-nutrient-deficiencies/,GLP-1 Medications and Nutrient Deficiencies: What to Monitor | Metabolic Science,80,"GLP-1 drugs cut appetite so sharply that many users fall short on protein, vitamin D, iron, and B12. Learn what the research shows and how to monitor nutrient status.",1,1715,4,2,2,0,,Metabolic Science | Evidence-Based Weight Loss & Health,True
https://metabolicscience.org/medications/glp1-storage-handling,https://metabolicscience.org/medications/glp1-storage-handling/,200,https://metabolicscience.org/medications/glp1-storage-handling/,GLP-1 Medication Storage and Handling: The Complete Guide | Metabolic Science,77,"Learn exactly how to store Ozempic, Wegovy, Mounjaro, and other GLP-1 medications. Refrigeration rules, temperature limits, travel tips, and disposal guidelines.",1,1686,6,4,2,0,,Metabolic Science | Evidence-Based Weight Loss & Health,True
https://metabolicscience.org/medications/how-glp1-medications-work,https://metabolicscience.org/medications/how-glp1-medications-work/,200,https://metabolicscience.org/medications/how-glp1-medications-work/,How GLP-1 Medications Work: The Science Behind Weight Loss Drugs | Metabolic Science,84,"Understand the mechanisms of GLP-1 receptor agonists like semaglutide and tirzepatide. Learn how these medications promote weight loss through appetite suppression, delayed gastric emptying, and metabolic effects.",1,1728,7,5,2,0,,Metabolic Science | Evidence-Based Weight Loss & Health,True
https://metabolicscience.org/medications/injection-techniques-glp1,https://metabolicscience.org/medications/injection-techniques-glp1/,200,https://metabolicscience.org/medications/injection-techniques-glp1/,GLP-1 Injection Technique: A Complete Step-by-Step Guide | Metabolic Science,76,"Master GLP-1 injection technique with evidence-based guidance on sites, needle selection, rotation, and managing injection-site reactions for optimal outcomes.",1,1954,6,4,2,0,,Metabolic Science | Evidence-Based Weight Loss & Health,True
https://metabolicscience.org/medications/insurance-coverage-weight-loss-drugs,https://metabolicscience.org/medications/insurance-coverage-weight-loss-drugs/,200,https://metabolicscience.org/medications/insurance-coverage-weight-loss-drugs/,Insurance Coverage for Weight Loss Drugs: A Complete Guide | Metabolic Science,78,"Navigate insurance coverage for GLP-1 medications like Wegovy and Zepbound. Learn what Medicare, Medicaid, and private plans cover—plus strategies to reduce your out-of-pocket costs.",1,1609,9,7,2,0,,Metabolic Science | Evidence-Based Weight Loss & Health,True
https://metabolicscience.org/medications/microdosing-glp1,https://metabolicscience.org/medications/microdosing-glp1/,200,https://metabolicscience.org/medications/microdosing-glp1/,Microdosing GLP-1 Medications: Does It Work for Weight Loss? | Metabolic Science,80,"Microdosing GLP-1 drugs like semaglutide and tirzepatide is trending, but what does the science say? We break down the dose-response evidence, the maintenance question, and the real risks.",1,2359,2,0,2,0,,Metabolic Science | Evidence-Based Weight Loss & Health,True
https://metabolicscience.org/medications/mounjaro-dosage-chart,https://metabolicscience.org/medications/mounjaro-dosage-chart/,200,https://metabolicscience.org/medications/mounjaro-dosage-chart/,Mounjaro Dosage Chart: Complete Titration Schedule and Dose Guide | Metabolic Science,85,"Complete Mounjaro (tirzepatide) dosage chart with the FDA-approved titration schedule, maintenance doses, missed-dose rules, and evidence from SURPASS and SURMOUNT trials.",1,1761,2,0,2,0,,Metabolic Science | Evidence-Based Weight Loss & Health,True
https://metabolicscience.org/medications/mounjaro-vs-ozempic,https://metabolicscience.org/medications/mounjaro-vs-ozempic/,200,https://metabolicscience.org/medications/mounjaro-vs-ozempic/,Mounjaro vs Ozempic: A Complete Head-to-Head Comparison | Metabolic Science,75,"Compare Mounjaro (tirzepatide) vs Ozempic (semaglutide) for weight loss. Evidence-based analysis of efficacy, side effects, dosing, and cost based on clinical trials.",1,1579,2,0,2,0,,Metabolic Science | Evidence-Based Weight Loss & Health,True
https://metabolicscience.org/medications/plenity,https://metabolicscience.org/medications/plenity/,200,https://metabolicscience.org/medications/plenity/,"Plenity for Weight Loss: How It Works, Efficacy & Side Effects | Metabolic Science",82,"A comprehensive guide to Plenity (Gelesis100), the FDA-cleared oral hydrogel for weight management. Learn about efficacy data, how it works, and who qualifies.",1,1790,2,0,2,0,,Metabolic Science | Evidence-Based Weight Loss & Health,True
https://metabolicscience.org/medications/qsymia-comparison,https://metabolicscience.org/medications/qsymia-comparison/,200,https://metabolicscience.org/medications/qsymia-comparison/,Qsymia vs GLP-1 Medications: A Head-to-Head Comparison | Metabolic Science,74,"How does Qsymia (phentermine/topiramate ER) compare to semaglutide and tirzepatide? Evidence-based breakdown of efficacy, safety, cost, and who each medication suits best.",1,1509,2,0,2,0,,Metabolic Science | Evidence-Based Weight Loss & Health,True
https://metabolicscience.org/medications/setmelanotide-imcivree-genetic-obesity,https://metabolicscience.org/medications/setmelanotide-imcivree-genetic-obesity/,200,https://metabolicscience.org/medications/setmelanotide-imcivree-genetic-obesity/,Setmelanotide (Imcivree): The MC4R Drug for Genetic Obesity | Metabolic Science,79,"Setmelanotide (Imcivree) is the MC4R agonist for rare genetic and acquired hypothalamic obesity. Here's how it works, who it helps, and the trial data.",1,2422,3,1,2,0,,Metabolic Science | Evidence-Based Weight Loss & Health,True
https://metabolicscience.org/medications/starting-glp1-what-to-expect,https://metabolicscience.org/medications/starting-glp1-what-to-expect/,200,https://metabolicscience.org/medications/starting-glp1-what-to-expect/,Starting GLP-1: What to Expect in Your First Months | Metabolic Science,71,"A complete guide to starting GLP-1 medications. Learn what to expect week-by-week, how to manage side effects, injection techniques, and realistic weight loss timelines from clinical trials.",1,1829,14,12,2,0,,Metabolic Science | Evidence-Based Weight Loss & Health,True
https://metabolicscience.org/medications/what-to-eat-on-glp1,https://metabolicscience.org/medications/what-to-eat-on-glp1/,200,https://metabolicscience.org/medications/what-to-eat-on-glp1/,What to Eat on GLP-1 Medications: A Nutrition Guide | Metabolic Science,71,"What to eat on GLP-1 medications matters more than most people realize. A science-based guide to protein targets, fiber, hydration, and managing side effects.",1,1773,5,3,2,0,,Metabolic Science | Evidence-Based Weight Loss & Health,True
https://metabolicscience.org/metabolism,https://metabolicscience.org/metabolism/,200,https://metabolicscience.org/metabolism/,Metabolism Science | Metabolic Science,38,"Learn how your body burns energy, adapts to calorie changes, and what you can do to optimize your metabolic health.",1,0,164,0,1,0,https://metabolicscience.org/og-image.jpg,Metabolic Science | Evidence-Based Weight Loss & Health,False
https://metabolicscience.org/metabolism/boosting-metabolism,https://metabolicscience.org/metabolism/boosting-metabolism/,200,https://metabolicscience.org/metabolism/boosting-metabolism/,How to Boost Your Metabolism: Evidence-Based Strategies That Actually Work | Metabolic Science,94,Discover what science actually says about boosting metabolism. Learn which strategies are proven to increase metabolic rate and which popular claims are myths.,1,1568,2,0,2,0,,Metabolic Science | Evidence-Based Weight Loss & Health,True
https://metabolicscience.org/metabolism/brown-fat-weight-loss,https://metabolicscience.org/metabolism/brown-fat-weight-loss/,200,https://metabolicscience.org/metabolism/brown-fat-weight-loss/,Brown Fat and Weight Loss: What the Evidence Shows | Metabolic Science,70,"Brown fat burns calories to produce heat, but can you activate it to lose weight? Here is what human trials of cold exposure and mirabegron actually found.",1,2533,2,0,2,0,,Metabolic Science | Evidence-Based Weight Loss & Health,True
https://metabolicscience.org/metabolism/fitin56-review,https://metabolicscience.org/metabolism/fitin56-review/,200,https://metabolicscience.org/metabolism/fitin56-review/,"FITin56 Review: Workout Plans, Pricing and Limitations | Metabolic Science",74,"Compare FITin56 workout access, quarterly renewal and fixed-term passes. A review of public information and checkout, with a free alternative and clear limits.",1,1257,4,2,2,0,,Metabolic Science | Evidence-Based Weight Loss & Health,True
https://metabolicscience.org/metabolism/ghrelin-hunger-hormone,https://metabolicscience.org/metabolism/ghrelin-hunger-hormone/,200,https://metabolicscience.org/metabolism/ghrelin-hunger-hormone/,"Ghrelin, the Hunger Hormone: What the Evidence Shows | Metabolic Science",72,Ghrelin rises when you diet and stays high a year later. What human trials actually show about the hunger hormone — and the LEAP2 drugs targeting it.,1,2363,3,1,2,0,,Metabolic Science | Evidence-Based Weight Loss & Health,True
https://metabolicscience.org/metabolism/how-metabolism-works,https://metabolicscience.org/metabolism/how-metabolism-works/,200,https://metabolicscience.org/metabolism/how-metabolism-works/,How Metabolism Works: The Science Behind Energy Expenditure and Metabolic Rate | Metabolic Science,98,"Understand the science of metabolism — how your body converts food into energy, the components of total daily energy expenditure (TDEE), and what really determines your metabolic rate.",1,1315,3,1,2,13,,Metabolic Science | Evidence-Based Weight Loss & Health,True
https://metabolicscience.org/metabolism/leptin-resistance,https://metabolicscience.org/metabolism/leptin-resistance/,200,https://metabolicscience.org/metabolism/leptin-resistance/,Leptin Resistance and Weight Loss: What the Evidence Shows | Metabolic Science,78,"Obesity means too much leptin, not too little. Here is what human trials actually show about leptin resistance — and whether you can do anything to reverse it.",1,2410,4,2,2,0,,Metabolic Science | Evidence-Based Weight Loss & Health,True
https://metabolicscience.org/metabolism/metabolic-adaptation,https://metabolicscience.org/metabolism/metabolic-adaptation/,200,https://metabolicscience.org/metabolism/metabolic-adaptation/,Metabolic Adaptation: Why Weight Loss Plateaus Happen and How to Overcome Them | Metabolic Science,98,"Learn why your body fights weight loss through metabolic adaptation, what causes weight loss plateaus, and evidence-based strategies to break through them.",1,1491,5,3,2,2,,Metabolic Science | Evidence-Based Weight Loss & Health,True
https://metabolicscience.org/metabolism/muscle-and-metabolism,https://metabolicscience.org/metabolism/muscle-and-metabolism/,200,https://metabolicscience.org/metabolism/muscle-and-metabolism/,Muscle and Metabolism: How Lean Mass Affects Your Resting Metabolic Rate | Metabolic Science,92,"Explore the relationship between muscle mass and metabolic rate, why preserving muscle during weight loss is critical, and how resistance training supports long-term metabolic health.",1,1651,5,3,2,10,,Metabolic Science | Evidence-Based Weight Loss & Health,True
https://metabolicscience.org/metabolism/plant-based-cookbook-review,https://metabolicscience.org/metabolism/plant-based-cookbook-review/,200,https://metabolicscience.org/metabolism/plant-based-cookbook-review/,"Plant-Based Cookbook Review: Cost, Contents and Limits | Metabolic Science",74,"Compare the Complete Plant-Based Cookbook's basic and bundle options, checkout extras and limitations. An assessment of the public offer, not a recipe test.",1,1020,4,2,2,0,,Metabolic Science | Evidence-Based Weight Loss & Health,True
https://metabolicscience.org/metabolism/sleep-and-weight-loss,https://metabolicscience.org/metabolism/sleep-and-weight-loss/,200,https://metabolicscience.org/metabolism/sleep-and-weight-loss/,Sleep and Weight Loss: What the Evidence Shows | Metabolic Science,66,Short sleep cut fat loss by 55% on an identical diet. What controlled trials show about sleep and weight loss — and why the hormone story is oversold.,1,2375,2,0,2,0,,Metabolic Science | Evidence-Based Weight Loss & Health,True
https://metabolicscience.org/privacy,https://metabolicscience.org/privacy/,200,https://metabolicscience.org/privacy/,Privacy Policy | Metabolic Science,34,"How Metabolic Science handles calculator inputs, preferences and affiliate links.",1,0,164,0,1,0,https://metabolicscience.org/og-image.jpg,Metabolic Science | Evidence-Based Weight Loss & Health,False
https://metabolicscience.org/supplements,https://metabolicscience.org/supplements/,200,https://metabolicscience.org/supplements/,Supplements | Metabolic Science,31,"Science-backed information on supplements for weight loss, metabolic health, and overall wellness.",1,0,164,0,1,0,https://metabolicscience.org/og-image.jpg,Metabolic Science | Evidence-Based Weight Loss & Health,False
https://metabolicscience.org/supplements/berberine,https://metabolicscience.org/supplements/berberine/,200,https://metabolicscience.org/supplements/berberine/,Berberine for Weight Loss and Blood Sugar: What Does the Evidence Say? | Metabolic Science,90,"A comprehensive, evidence-based review of berberine — how it works, its effects on blood sugar, weight, and cholesterol, dosing, side effects, and how it compares to metformin.",1,1239,5,3,2,13,,Metabolic Science | Evidence-Based Weight Loss & Health,True
https://metabolicscience.org/supplements/creatine-glp1-muscle-preservation,https://metabolicscience.org/supplements/creatine-glp1-muscle-preservation/,200,https://metabolicscience.org/supplements/creatine-glp1-muscle-preservation/,Creatine on GLP-1 Medications: Does It Preserve Muscle? | Metabolic Science,75,Creatine is the most-recommended supplement for muscle loss on semaglutide and tirzepatide. Here is what the trials actually prove — and what they do not.,1,2309,2,0,2,0,,Metabolic Science | Evidence-Based Weight Loss & Health,True
https://metabolicscience.org/supplements/fiber-supplements,https://metabolicscience.org/supplements/fiber-supplements/,200,https://metabolicscience.org/supplements/fiber-supplements/,"Fiber Supplements for Weight Loss: Types, Benefits, and Evidence | Metabolic Science",84,"Learn how fiber supplements support weight loss through satiety, blood sugar control, and gut health. Compare soluble vs. insoluble fiber and find the right type for your goals.",1,1390,5,3,2,8,,Metabolic Science | Evidence-Based Weight Loss & Health,True
https://metabolicscience.org/supplements/natural-glp1-boosters,https://metabolicscience.org/supplements/natural-glp1-boosters/,200,https://metabolicscience.org/supplements/natural-glp1-boosters/,"Natural GLP-1 Boosters: Foods, Supplements & Habits | Metabolic Science",71,"Discover evidence-based foods, supplements, and lifestyle habits that naturally increase GLP-1 secretion to improve glucose control, reduce appetite, and support weight loss.",1,1811,2,0,2,0,,Metabolic Science | Evidence-Based Weight Loss & Health,True
https://metabolicscience.org/supplements/natural-thermogenics,https://metabolicscience.org/supplements/natural-thermogenics/,200,https://metabolicscience.org/supplements/natural-thermogenics/,Natural Thermogenic Supplements for Weight Loss: Evidence-Based Guide | Metabolic Science,89,"A science-backed review of natural thermogenic supplements — capsaicin, green tea, ginger, citrus aurantium, and berberine — how they work, what the research shows, and realistic expectations.",1,2044,5,3,2,13,,Metabolic Science | Evidence-Based Weight Loss & Health,True
https://metabolicscience.org/supplements/probiotics,https://metabolicscience.org/supplements/probiotics/,200,https://metabolicscience.org/supplements/probiotics/,Probiotics and Weight Loss: Can Gut Bacteria Influence Your Weight? | Metabolic Science,87,"Explore the emerging science behind probiotics and weight management — which strains show promise, what the research actually says, and how gut health connects to metabolism.",1,1497,2,0,2,0,,Metabolic Science | Evidence-Based Weight Loss & Health,True
https://metabolicscience.org/supplements/protein-powder,https://metabolicscience.org/supplements/protein-powder/,200,https://metabolicscience.org/supplements/protein-powder/,Protein Powder for Weight Loss and Muscle Preservation: A Complete Guide | Metabolic Science,92,"Everything you need to know about protein powder supplements — types, benefits for weight loss and muscle preservation, optimal dosing, and how to choose the right product.",1,1519,5,3,2,12,,Metabolic Science | Evidence-Based Weight Loss & Health,True
https://metabolicscience.org/supplements/supplements-for-weight-loss,https://metabolicscience.org/supplements/supplements-for-weight-loss/,200,https://metabolicscience.org/supplements/supplements-for-weight-loss/,Best Supplements for Weight Loss: Evidence-Based Guide | Metabolic Science,74,"A science-backed review of the weight loss supplements with the strongest clinical evidence — what actually works, how much to expect, and what to skip.",1,1923,5,3,2,0,,Metabolic Science | Evidence-Based Weight Loss & Health,True
https://metabolicscience.org/tools,https://metabolicscience.org/tools/,200,https://metabolicscience.org/,Metabolic Science | Evidence-Based Weight Loss & Health,55,"Research explainers on weight loss medications, metabolism science, and GLP-1 therapies. Educational health information with linked sources.",1,0,164,0,1,0,https://metabolicscience.org/og-image.jpg,Metabolic Science | Evidence-Based Weight Loss & Health,False
